timestamp,total_runtime_seconds,dask_type,lr_accuracy,lr_roc_auc,lr_best_params,rf_accuracy,rf_roc_auc,rf_best_params,xgb_accuracy,xgb_roc_auc,xgb_best_params,stacked_accuracy,stacked_roc_auc,stacked_best_params
2025-08-21 18:39:25,8.161500930786133,local,0.6829511465603191,0.7218055666960776,{'classifier__C': 1.0},0.7068793619142573,0.7911887382690301,{'classifier__n_estimators': 100},0.6999002991026919,0.7813948824897731,{'classifier__n_estimators': 100},,,
2025-08-21 18:40:48,10.91274094581604,local,0.6829511465603191,0.7218055666960776,{'classifier__C': 1.0},0.7068793619142573,0.7911887382690301,{'classifier__n_estimators': 100},0.6999002991026919,0.7813948824897731,{'classifier__n_estimators': 100},0.7068793619142573,0.7938838533729045,None
2025-08-21 18:43:08,12.726078033447266,local,0.6829511465603191,0.7218055666960776,{'classifier__C': 1.0},0.7068793619142573,0.7911887382690301,{'classifier__n_estimators': 100},0.6999002991026919,0.7813948824897731,{'classifier__n_estimators': 100},0.7068793619142573,0.7938838533729045,None
2025-08-21 18:49:05,107.21598315238953,coiled,0.6829511465603191,0.7218055666960776,{'classifier__C': 1.0},0.7068793619142573,0.7892656613459533,{'classifier__n_estimators': 100},0.6999002991026919,0.7813948824897731,{'classifier__n_estimators': 100},0.7068793619142573,0.7938838533729045,None
2025-08-22 10:19:37,47.44133710861206,local,0.6779661016949152,0.7202695115103874,0.7128614157527418,0.785802518649234,0.6819541375872383,0.7762292452073474,0.7148554336989033,0.7900096254110852
2025-08-22 10:38:45,49.282784938812256,local,0.6779661016949152,0.7202695115103874,{'classifier__C': 1.0},0.6696584392919471,0.7158368378390307,0.6284334572787577,0.13226832962355273,0.6451612903225806,0.9124087591240876,0.7558578987150416,0.7894736842105263,0.3956043956043956,0.527086383601757,0.7173174872665535,0.6540065773642416,0.6414721411583992,0.7106270323156169,0.6779661016949152,0.6520781984393242,0.7128614157527418,0.785802518649234,{'classifier__n_estimators': 100},1.0,1.0,0.6740319147394939,0.15537476009222237,0.6895043731778425,0.8631386861313869,0.766612641815235,0.7634069400630915,0.5318681318681319,0.6269430051813472,0.726455656620467,0.6975034089997594,0.6967778234982911,0.7230294658326663,0.7128614157527418,0.7032530359643686,0.6819541375872383,0.7762292452073474,{'classifier__n_estimators': 100},0.9882822238843181,0.9987171603070589,0.6043977050956375,0.15780428618652623,0.697754749568221,0.7372262773722628,0.7169476486246673,0.660377358490566,0.6153846153846154,0.6370875995449374,0.6790660540293936,0.676305446378439,0.6770176240848024,0.6807989041641004,0.6819541375872383,0.6807200092116293,0.7148554336989033,0.7900096254110852,None,0.6284334572787577,0.13226832962355273,0.7027863777089783,0.8284671532846716,0.7604690117252931,0.7366946778711485,0.578021978021978,0.6477832512315271,0.7197405277900635,0.7032445656533248,0.7041261314784102,0.7181685078922161,0.7148554336989033,0.7093503466957183
2025-08-22 10:50:29,58.33386969566345,local,0.6779661016949152,0.7202695115103874,{'classifier__C': 1.0},0.6696584392919471,0.7158368378390307,0.6284334572787577,0.13226832962355273,0.6451612903225806,0.9124087591240876,0.7558578987150416,0.7894736842105263,0.3956043956043956,0.527086383601757,0.7173174872665535,0.6540065773642416,0.6414721411583992,0.7106270323156169,0.6779661016949152,0.6520781984393242,0.7128614157527418,0.785802518649234,{'classifier__n_estimators': 100},1.0,1.0,0.6740319147394939,0.15537476009222237,0.6895043731778425,0.8631386861313869,0.766612641815235,0.7634069400630915,0.5318681318681319,0.6269430051813472,0.726455656620467,0.6975034089997594,0.6967778234982911,0.7230294658326663,0.7128614157527418,0.7032530359643686,0.6819541375872383,0.7762292452073474,{'classifier__n_estimators': 100},0.9882822238843181,0.9987171603070589,0.6043977050956375,0.15780428618652623,0.697754749568221,0.7372262773722628,0.7169476486246673,0.660377358490566,0.6153846153846154,0.6370875995449374,0.6790660540293936,0.676305446378439,0.6770176240848024,0.6807989041641004,0.6819541375872383,0.6807200092116293,0.7148554336989033,0.7900096254110852,None,0.6284334572787577,0.13226832962355273,0.7027863777089783,0.8284671532846716,0.7604690117252931,0.7366946778711485,0.578021978021978,0.6477832512315271,0.7197405277900635,0.7032445656533248,0.7041261314784102,0.7181685078922161,0.7148554336989033,0.7093503466957183
2025-08-22 10:53:05,53.83245491981506,local,0.6779661016949152,0.7202695115103874,{'classifier__C': 1.0},0.6696584392919471,0.7158368378390307,0.6284334572787577,0.13226832962355273,0.6451612903225806,0.9124087591240876,0.7558578987150416,0.7894736842105263,0.3956043956043956,0.527086383601757,0.7173174872665535,0.6540065773642416,0.6414721411583992,0.7106270323156169,0.6779661016949152,0.6520781984393242,0.7128614157527418,0.785802518649234,{'classifier__n_estimators': 100},1.0,1.0,0.6740319147394939,0.15537476009222237,0.6895043731778425,0.8631386861313869,0.766612641815235,0.7634069400630915,0.5318681318681319,0.6269430051813472,0.726455656620467,0.6975034089997594,0.6967778234982911,0.7230294658326663,0.7128614157527418,0.7032530359643686,0.6819541375872383,0.7762292452073474,{'classifier__n_estimators': 100},0.9882822238843181,0.9987171603070589,0.6043977050956375,0.15780428618652623,0.697754749568221,0.7372262773722628,0.7169476486246673,0.660377358490566,0.6153846153846154,0.6370875995449374,0.6790660540293936,0.676305446378439,0.6770176240848024,0.6807989041641004,0.6819541375872383,0.6807200092116293,0.7148554336989033,0.7900096254110852,None,0.6284334572787577,0.13226832962355273,0.7027863777089783,0.8284671532846716,0.7604690117252931,0.7366946778711485,0.578021978021978,0.6477832512315271,0.7197405277900635,0.7032445656533248,0.7041261314784102,0.7181685078922161,0.7148554336989033,0.7093503466957183
2025-08-22 11:49:08,52.214561223983765,local,0.6763245033112583,0.7519979056437389,{'classifier__C': 1.0},0.6777064789898571,0.7477025555494294,0.5782355035723145,0.08483237018797431,0.6711051930758988,0.7777777777777778,0.7205146533238027,0.6849015317286652,0.5589285714285714,0.615535889872173,0.678003362402282,0.6683531746031746,0.6680252715979879,0.6775008467559891,0.6763245033112583,0.6718490013925836,0.7458609271523179,0.8423473324514992,{'classifier__n_estimators': 100},1.0,1.0,0.7059447973655373,0.17083944061699627,0.7150063051702396,0.875,0.7869535045107564,0.8048192771084337,0.5964285714285714,0.6851282051282052,0.7599127911393366,0.7357142857142858,0.7360408548194808,0.7566414577243693,0.7458609271523179,0.7397497233400373,0.7359271523178808,0.8271715167548501,{'classifier__n_estimators': 100},0.9896501759470089,0.999487925235706,0.6672410821618704,0.15782806414541747,0.7387518142235123,0.7854938271604939,0.7614061331338818,0.7321772639691715,0.6785714285714286,0.7043558850787767,0.7354645390963419,0.7320326278659612,0.7328810091063293,0.7357040094698444,0.7359271523178808,0.7349589982738992,0.7375827814569537,0.8440228174603175,None,0.5782355035723145,0.08483237018797431,0.7270233196159122,0.8179012345679012,0.7697893972403776,0.7536534446764092,0.6446428571428572,0.6948989412897016,0.7403383821461607,0.7312720458553792,0.7323441692650396,0.7393684107035597,0.7375827814569537,0.7350719673294682
2025-08-22 11:51:08,55.5275559425354,local,0.6763245033112583,0.7519979056437389,{'classifier__C': 1.0},0.6777064789898571,0.7477025555494294,0.5782355035723145,0.08483237018797431,0.6711051930758988,0.7777777777777778,0.7205146533238027,0.6849015317286652,0.5589285714285714,0.615535889872173,0.678003362402282,0.6683531746031746,0.6680252715979879,0.6775008467559891,0.6763245033112583,0.6718490013925836,0.7458609271523179,0.8423473324514992,{'classifier__n_estimators': 100},1.0,1.0,0.7059447973655373,0.17083944061699627,0.7150063051702396,0.875,0.7869535045107564,0.8048192771084337,0.5964285714285714,0.6851282051282052,0.7599127911393366,0.7357142857142858,0.7360408548194808,0.7566414577243693,0.7458609271523179,0.7397497233400373,0.7359271523178808,0.8271715167548501,{'classifier__n_estimators': 100},0.9896501759470089,0.999487925235706,0.6672410821618704,0.15782806414541747,0.7387518142235123,0.7854938271604939,0.7614061331338818,0.7321772639691715,0.6785714285714286,0.7043558850787767,0.7354645390963419,0.7320326278659612,0.7328810091063293,0.7357040094698444,0.7359271523178808,0.7349589982738992,0.7375827814569537,0.8440228174603175,None,0.5782355035723145,0.08483237018797431,0.7270233196159122,0.8179012345679012,0.7697893972403776,0.7536534446764092,0.6446428571428572,0.6948989412897016,0.7403383821461607,0.7312720458553792,0.7323441692650396,0.7393684107035597,0.7375827814569537,0.7350719673294682
2025-08-22 12:03:53,55.69831991195679,local,0.6763245033112583,0.7519979056437389,{'classifier__C': 1.0},0.6777064789898571,0.7477025555494294,0.5782355035723145,0.08483237018797431,0.6711051930758988,0.7777777777777778,0.7205146533238027,0.6849015317286652,0.5589285714285714,0.615535889872173,0.678003362402282,0.6683531746031746,0.6680252715979879,0.6775008467559891,0.6763245033112583,0.6718490013925836,0.7458609271523179,0.8423473324514992,{'classifier__n_estimators': 100},1.0,1.0,0.7059447973655373,0.17083944061699627,0.7150063051702396,0.875,0.7869535045107564,0.8048192771084337,0.5964285714285714,0.6851282051282052,0.7599127911393366,0.7357142857142858,0.7360408548194808,0.7566414577243693,0.7458609271523179,0.7397497233400373,0.7359271523178808,0.8271715167548501,{'classifier__n_estimators': 100},0.9896501759470089,0.999487925235706,0.6672410821618704,0.15782806414541747,0.7387518142235123,0.7854938271604939,0.7614061331338818,0.7321772639691715,0.6785714285714286,0.7043558850787767,0.7354645390963419,0.7320326278659612,0.7328810091063293,0.7357040094698444,0.7359271523178808,0.7349589982738992,0.7375827814569537,0.8440228174603175,None,0.5782355035723145,0.08483237018797431,0.7270233196159122,0.8179012345679012,0.7697893972403776,0.7536534446764092,0.6446428571428572,0.6948989412897016,0.7403383821461607,0.7312720458553792,0.7323441692650396,0.7393684107035597,0.7375827814569537,0.7350719673294682
2025-08-22 13:14:29,70.28211307525635,local,0.6763245033112583,0.7519979056437389,{'classifier__C': 1.0},0.6777064789898571,0.7477025555494294,0.5782355035723145,0.08483237018797431,0.6711051930758988,0.7777777777777778,0.7205146533238027,0.6849015317286652,0.5589285714285714,0.615535889872173,0.678003362402282,0.6683531746031746,0.6680252715979879,0.6775008467559891,0.6763245033112583,0.6718490013925836,0.7458609271523179,0.8423473324514992,{'classifier__n_estimators': 100},1.0,1.0,0.7059447973655373,0.17083944061699627,0.7150063051702396,0.875,0.7869535045107564,0.8048192771084337,0.5964285714285714,0.6851282051282052,0.7599127911393366,0.7357142857142858,0.7360408548194808,0.7566414577243693,0.7458609271523179,0.7397497233400373,0.7359271523178808,0.8271715167548501,{'classifier__n_estimators': 100},0.9896501759470089,0.999487925235706,0.6672410821618704,0.15782806414541747,0.7387518142235123,0.7854938271604939,0.7614061331338818,0.7321772639691715,0.6785714285714286,0.7043558850787767,0.7354645390963419,0.7320326278659612,0.7328810091063293,0.7357040094698444,0.7359271523178808,0.7349589982738992,0.7375827814569537,0.8440228174603175,None,0.5782355035723145,0.08483237018797431,0.7270233196159122,0.8179012345679012,0.7697893972403776,0.7536534446764092,0.6446428571428572,0.6948989412897016,0.7403383821461607,0.7312720458553792,0.7323441692650396,0.7393684107035597,0.7375827814569537,0.7350719673294682
2025-08-22 13:18:43,71.32127594947815,local,0.6763245033112583,0.7519979056437389,{'classifier__C': 1.0},0.6777064789898571,0.7477025555494294,0.5782355035723145,0.08483237018797431,0.6711051930758988,0.7777777777777778,0.7205146533238027,0.6849015317286652,0.5589285714285714,0.615535889872173,0.678003362402282,0.6683531746031746,0.6680252715979879,0.6775008467559891,0.6763245033112583,0.6718490013925836,0.7458609271523179,0.8423473324514992,{'classifier__n_estimators': 100},1.0,1.0,0.7059447973655373,0.17083944061699627,0.7150063051702396,0.875,0.7869535045107564,0.8048192771084337,0.5964285714285714,0.6851282051282052,0.7599127911393366,0.7357142857142858,0.7360408548194808,0.7566414577243693,0.7458609271523179,0.7397497233400373,0.7359271523178808,0.8271715167548501,{'classifier__n_estimators': 100},0.9896501759470089,0.999487925235706,0.6672410821618704,0.15782806414541747,0.7387518142235123,0.7854938271604939,0.7614061331338818,0.7321772639691715,0.6785714285714286,0.7043558850787767,0.7354645390963419,0.7320326278659612,0.7328810091063293,0.7357040094698444,0.7359271523178808,0.7349589982738992,0.7375827814569537,0.8440228174603175,None,0.5782355035723145,0.08483237018797431,0.7270233196159122,0.8179012345679012,0.7697893972403776,0.7536534446764092,0.6446428571428572,0.6948989412897016,0.7403383821461607,0.7312720458553792,0.7323441692650396,0.7393684107035597,0.7375827814569537,0.7350719673294682
2025-08-22 14:26:14,98.69672393798828,local,0.6763245033112583,0.7519979056437389,{'classifier__C': 1.0},0.6777064789898571,0.7477025555494294,0.5782355035723145,0.08483237018797431,0.6711051930758988,0.7777777777777778,0.7205146533238027,0.6849015317286652,0.5589285714285714,0.615535889872173,0.678003362402282,0.6683531746031746,0.6680252715979879,0.6775008467559891,0.6763245033112583,0.6718490013925836,0.7582781456953642,0.8281690917107584,"{'classifier__n_estimators': 100, 'classifier__min_samples_split': 2, 'classifier__min_samples_leaf': 1, 'classifier__max_depth': 10}",0.8548954667770647,0.9844857887191929,0.6745538039833828,0.16034071819889942,0.7055427251732102,0.9429012345679012,0.8071334214002642,0.8918128654970761,0.5446428571428571,0.6762749445676275,0.7986777953351432,0.7437720458553791,0.7417041829839459,0.7918931213498368,0.7582781456953642,0.7464705513453994,0.7301324503311258,0.8182457010582012,"{'classifier__n_estimators': 100, 'classifier__learning_rate': 0.1}",0.8824259987580211,0.9704701542427082,0.6654615974488141,0.15054531010634617,0.712401055408971,0.8333333333333334,0.7681365576102418,0.76,0.6107142857142858,0.6772277227722773,0.7362005277044855,0.7220238095238096,0.7226821401912595,0.734466791312097,0.7301324503311258,0.7259933891423113,0.7334437086092715,0.8286623677248677,None,0.5782355035723145,0.08483237018797431,0.7184986595174263,0.8271604938271605,0.7690100430416069,0.7575757575757576,0.625,0.684931506849315,0.7380372085465919,0.7260802469135803,0.726970774945461,0.7366138705378448,0.7334437086092715,0.730033238184253
2025-08-22 14:30:24,59.80039191246033,local,0.6763245033112583,0.7519979056437389,{'classifier__C': 1.0},0.6777064789898571,0.7477025555494294,0.5782355035723145,0.08483237018797431,0.6711051930758988,0.7777777777777778,0.7205146533238027,0.6849015317286652,0.5589285714285714,0.615535889872173,0.678003362402282,0.6683531746031746,0.6680252715979879,0.6775008467559891,0.6763245033112583,0.6718490013925836,0.7582781456953642,0.8281690917107584,"{'classifier__n_estimators': 100, 'classifier__min_samples_split': 2, 'classifier__min_samples_leaf': 1, 'classifier__max_depth': 10}",0.8548954667770647,0.9844857887191929,0.6745538039833828,0.16034071819889942,0.7055427251732102,0.9429012345679012,0.8071334214002642,0.8918128654970761,0.5446428571428571,0.6762749445676275,0.7986777953351432,0.7437720458553791,0.7417041829839459,0.7918931213498368,0.7582781456953642,0.7464705513453994,0.7301324503311258,0.8182457010582012,"{'classifier__n_estimators': 100, 'classifier__learning_rate': 0.1}",0.8824259987580211,0.9704701542427082,0.6654615974488141,0.15054531010634617,0.712401055408971,0.8333333333333334,0.7681365576102418,0.76,0.6107142857142858,0.6772277227722773,0.7362005277044855,0.7220238095238096,0.7226821401912595,0.734466791312097,0.7301324503311258,0.7259933891423113,0.7334437086092715,0.8286623677248677,None,0.5782355035723145,0.08483237018797431,0.7184986595174263,0.8271604938271605,0.7690100430416069,0.7575757575757576,0.625,0.684931506849315,0.7380372085465919,0.7260802469135803,0.726970774945461,0.7366138705378448,0.7334437086092715,0.730033238184253
2025-08-22 14:32:22,63.15802192687988,local,0.6763245033112583,0.7519979056437389,{'classifier__C': 1.0},0.6777064789898571,0.7477025555494294,0.5782355035723145,0.08483237018797431,0.6711051930758988,0.7777777777777778,0.7205146533238027,0.6849015317286652,0.5589285714285714,0.615535889872173,0.678003362402282,0.6683531746031746,0.6680252715979879,0.6775008467559891,0.6763245033112583,0.6718490013925836,0.7582781456953642,0.8281690917107584,"{'classifier__n_estimators': 100, 'classifier__min_samples_split': 2, 'classifier__min_samples_leaf': 1, 'classifier__max_depth': 10}",0.8548954667770647,0.9844857887191929,0.6745538039833828,0.16034071819889942,0.7055427251732102,0.9429012345679012,0.8071334214002642,0.8918128654970761,0.5446428571428571,0.6762749445676275,0.7986777953351432,0.7437720458553791,0.7417041829839459,0.7918931213498368,0.7582781456953642,0.7464705513453994,0.7301324503311258,0.8182457010582012,"{'classifier__n_estimators': 100, 'classifier__learning_rate': 0.1}",0.8824259987580211,0.9704701542427082,0.6654615974488141,0.15054531010634617,0.712401055408971,0.8333333333333334,0.7681365576102418,0.76,0.6107142857142858,0.6772277227722773,0.7362005277044855,0.7220238095238096,0.7226821401912595,0.734466791312097,0.7301324503311258,0.7259933891423113,0.7334437086092715,0.8286623677248677,None,0.5782355035723145,0.08483237018797431,0.7184986595174263,0.8271604938271605,0.7690100430416069,0.7575757575757576,0.625,0.684931506849315,0.7380372085465919,0.7260802469135803,0.726970774945461,0.7366138705378448,0.7334437086092715,0.730033238184253
2025-08-22 14:38:46,85.9205150604248,local,0.6763245033112583,0.7519979056437389,{'classifier__C': 1.0},0.6777064789898571,0.7477025555494294,0.5782355035723145,0.08483237018797431,0.6711051930758988,0.7777777777777778,0.7205146533238027,0.6849015317286652,0.5589285714285714,0.615535889872173,0.678003362402282,0.6683531746031746,0.6680252715979879,0.6775008467559891,0.6763245033112583,0.6718490013925836,0.7582781456953642,0.8281690917107584,"{'classifier__n_estimators': 100, 'classifier__min_samples_split': 2, 'classifier__min_samples_leaf': 1, 'classifier__max_depth': 10}",0.8548954667770647,0.9844857887191929,0.6745538039833828,0.16034071819889942,0.7055427251732102,0.9429012345679012,0.8071334214002642,0.8918128654970761,0.5446428571428571,0.6762749445676275,0.7986777953351432,0.7437720458553791,0.7417041829839459,0.7918931213498368,0.7582781456953642,0.7464705513453994,0.7301324503311258,0.8182457010582012,"{'classifier__n_estimators': 100, 'classifier__learning_rate': 0.1}",0.8824259987580211,0.9704701542427082,0.6654615974488141,0.15054531010634617,0.712401055408971,0.8333333333333334,0.7681365576102418,0.76,0.6107142857142858,0.6772277227722773,0.7362005277044855,0.7220238095238096,0.7226821401912595,0.734466791312097,0.7301324503311258,0.7259933891423113,0.7334437086092715,0.8286623677248677,None,0.5782355035723145,0.08483237018797431,0.7184986595174263,0.8271604938271605,0.7690100430416069,0.7575757575757576,0.625,0.684931506849315,0.7380372085465919,0.7260802469135803,0.726970774945461,0.7366138705378448,0.7334437086092715,0.730033238184253
2025-08-22 14:41:18,47.18036484718323,local,0.6763245033112583,0.7519979056437389,{'classifier__C': 1.0},0.6777064789898571,0.7477025555494294,0.5782355035723145,0.08483237018797431,0.6711051930758988,0.7777777777777778,0.7205146533238027,0.6849015317286652,0.5589285714285714,0.615535889872173,0.678003362402282,0.6683531746031746,0.6680252715979879,0.6775008467559891,0.6763245033112583,0.6718490013925836,0.7582781456953642,0.8281690917107584,"{'classifier__n_estimators': 100, 'classifier__min_samples_split': 2, 'classifier__min_samples_leaf': 1, 'classifier__max_depth': 10}",0.8548954667770647,0.9844857887191929,0.6745538039833828,0.16034071819889942,0.7055427251732102,0.9429012345679012,0.8071334214002642,0.8918128654970761,0.5446428571428571,0.6762749445676275,0.7986777953351432,0.7437720458553791,0.7417041829839459,0.7918931213498368,0.7582781456953642,0.7464705513453994,0.7301324503311258,0.8182457010582012,"{'classifier__n_estimators': 100, 'classifier__learning_rate': 0.1}",0.8824259987580211,0.9704701542427082,0.6654615974488141,0.15054531010634617,0.712401055408971,0.8333333333333334,0.7681365576102418,0.76,0.6107142857142858,0.6772277227722773,0.7362005277044855,0.7220238095238096,0.7226821401912595,0.734466791312097,0.7301324503311258,0.7259933891423113,0.7334437086092715,0.8286623677248677,None,0.5782355035723145,0.08483237018797431,0.7184986595174263,0.8271604938271605,0.7690100430416069,0.7575757575757576,0.625,0.684931506849315,0.7380372085465919,0.7260802469135803,0.726970774945461,0.7366138705378448,0.7334437086092715,0.730033238184253
2025-08-22 14:44:21,64.3284649848938,local,0.6763245033112583,0.7519979056437389,{'classifier__C': 1.0},0.6777064789898571,0.7477025555494294,0.5782355035723145,0.08483237018797431,0.6711051930758988,0.7777777777777778,0.7205146533238027,0.6849015317286652,0.5589285714285714,0.615535889872173,0.678003362402282,0.6683531746031746,0.6680252715979879,0.6775008467559891,0.6763245033112583,0.6718490013925836,0.7582781456953642,0.8281690917107584,"{'classifier__n_estimators': 100, 'classifier__min_samples_split': 2, 'classifier__min_samples_leaf': 1, 'classifier__max_depth': 10}",0.8548954667770647,0.9844857887191929,0.6745538039833828,0.16034071819889942,0.7055427251732102,0.9429012345679012,0.8071334214002642,0.8918128654970761,0.5446428571428571,0.6762749445676275,0.7986777953351432,0.7437720458553791,0.7417041829839459,0.7918931213498368,0.7582781456953642,0.7464705513453994,0.7301324503311258,0.8182457010582012,"{'classifier__n_estimators': 100, 'classifier__learning_rate': 0.1}",0.8824259987580211,0.9704701542427082,0.6654615974488141,0.15054531010634617,0.712401055408971,0.8333333333333334,0.7681365576102418,0.76,0.6107142857142858,0.6772277227722773,0.7362005277044855,0.7220238095238096,0.7226821401912595,0.734466791312097,0.7301324503311258,0.7259933891423113,0.7334437086092715,0.8286623677248677,None,0.5782355035723145,0.08483237018797431,0.7184986595174263,0.8271604938271605,0.7690100430416069,0.7575757575757576,0.625,0.684931506849315,0.7380372085465919,0.7260802469135803,0.726970774945461,0.7366138705378448,0.7334437086092715,0.730033238184253
2025-08-22 14:49:55,44.46365284919739,local,0.6763245033112583,0.7519979056437389,{'classifier__C': 1.0},0.6777064789898571,0.7477025555494294,0.5782355035723145,0.08483237018797431,0.6711051930758988,0.7777777777777778,0.7205146533238027,0.6849015317286652,0.5589285714285714,0.615535889872173,0.678003362402282,0.6683531746031746,0.6680252715979879,0.6775008467559891,0.6763245033112583,0.6718490013925836,0.7582781456953642,0.8281690917107584,"{'classifier__n_estimators': 100, 'classifier__min_samples_split': 2, 'classifier__min_samples_leaf': 1, 'classifier__max_depth': 10}",0.8548954667770647,0.9844857887191929,0.6745538039833828,0.16034071819889942,0.7055427251732102,0.9429012345679012,0.8071334214002642,0.8918128654970761,0.5446428571428571,0.6762749445676275,0.7986777953351432,0.7437720458553791,0.7417041829839459,0.7918931213498368,0.7582781456953642,0.7464705513453994,0.7301324503311258,0.8182457010582012,"{'classifier__n_estimators': 100, 'classifier__learning_rate': 0.1}",0.8824259987580211,0.9704701542427082,0.6654615974488141,0.15054531010634617,0.712401055408971,0.8333333333333334,0.7681365576102418,0.76,0.6107142857142858,0.6772277227722773,0.7362005277044855,0.7220238095238096,0.7226821401912595,0.734466791312097,0.7301324503311258,0.7259933891423113,0.7334437086092715,0.8286623677248677,None,0.5782355035723145,0.08483237018797431,0.7184986595174263,0.8271604938271605,0.7690100430416069,0.7575757575757576,0.625,0.684931506849315,0.7380372085465919,0.7260802469135803,0.726970774945461,0.7366138705378448,0.7334437086092715,0.730033238184253
2025-08-22 14:55:36,80.80433821678162,local,0.6763245033112583,0.7519979056437389,{'classifier__C': 1.0},0.6777064789898571,0.7477025555494294,0.5782355035723145,0.08483237018797431,0.6711051930758988,0.7777777777777778,0.7205146533238027,0.6849015317286652,0.5589285714285714,0.615535889872173,0.678003362402282,0.6683531746031746,0.6680252715979879,0.6775008467559891,0.6763245033112583,0.6718490013925836,0.7582781456953642,0.8281690917107584,"{'classifier__n_estimators': 100, 'classifier__min_samples_split': 2, 'classifier__min_samples_leaf': 1, 'classifier__max_depth': 10}",0.8548954667770647,0.9844857887191929,0.6745538039833828,0.16034071819889942,0.7055427251732102,0.9429012345679012,0.8071334214002642,0.8918128654970761,0.5446428571428571,0.6762749445676275,0.7986777953351432,0.7437720458553791,0.7417041829839459,0.7918931213498368,0.7582781456953642,0.7464705513453994,0.7301324503311258,0.8182457010582012,"{'classifier__n_estimators': 100, 'classifier__learning_rate': 0.1}",0.8824259987580211,0.9704701542427082,0.6654615974488141,0.15054531010634617,0.712401055408971,0.8333333333333334,0.7681365576102418,0.76,0.6107142857142858,0.6772277227722773,0.7362005277044855,0.7220238095238096,0.7226821401912595,0.734466791312097,0.7301324503311258,0.7259933891423113,0.7334437086092715,0.8286623677248677,None,0.5782355035723145,0.08483237018797431,0.7184986595174263,0.8271604938271605,0.7690100430416069,0.7575757575757576,0.625,0.684931506849315,0.7380372085465919,0.7260802469135803,0.726970774945461,0.7366138705378448,0.7334437086092715,0.730033238184253
2025-08-22 14:59:58,32.61738085746765,local,0.6763245033112583,0.7519979056437389,{'classifier__C': 1.0},0.6777064789898571,0.7477025555494294,0.5782355035723145,0.08483237018797431,0.6711051930758988,0.7777777777777778,0.7205146533238027,0.6849015317286652,0.5589285714285714,0.615535889872173,0.678003362402282,0.6683531746031746,0.6680252715979879,0.6775008467559891,0.6763245033112583,0.6718490013925836,0.7582781456953642,0.8281690917107584,"{'classifier__n_estimators': 100, 'classifier__min_samples_split': 2, 'classifier__min_samples_leaf': 1, 'classifier__max_depth': 10}",0.8548954667770647,0.9844857887191929,0.6745538039833828,0.16034071819889942,0.7055427251732102,0.9429012345679012,0.8071334214002642,0.8918128654970761,0.5446428571428571,0.6762749445676275,0.7986777953351432,0.7437720458553791,0.7417041829839459,0.7918931213498368,0.7582781456953642,0.7464705513453994,0.7301324503311258,0.8182457010582012,"{'classifier__n_estimators': 100, 'classifier__learning_rate': 0.1}",0.8824259987580211,0.9704701542427082,0.6654615974488141,0.15054531010634617,0.712401055408971,0.8333333333333334,0.7681365576102418,0.76,0.6107142857142858,0.6772277227722773,0.7362005277044855,0.7220238095238096,0.7226821401912595,0.734466791312097,0.7301324503311258,0.7259933891423113,0.7334437086092715,0.8286623677248677,None,0.5782355035723145,0.08483237018797431,0.7184986595174263,0.8271604938271605,0.7690100430416069,0.7575757575757576,0.625,0.684931506849315,0.7380372085465919,0.7260802469135803,0.726970774945461,0.7366138705378448,0.7334437086092715,0.730033238184253
2025-08-22 15:11:24,38.41431784629822,local,0.6763245033112583,0.7519979056437389,{'classifier__C': 1.0},0.6777064789898571,0.7477025555494294,0.5782355035723145,0.08483237018797431,0.6711051930758988,0.7777777777777778,0.7205146533238027,0.6849015317286652,0.5589285714285714,0.615535889872173,0.678003362402282,0.6683531746031746,0.6680252715979879,0.6775008467559891,0.6763245033112583,0.6718490013925836,0.7582781456953642,0.8281690917107584,"{'classifier__n_estimators': 100, 'classifier__min_samples_split': 2, 'classifier__min_samples_leaf': 1, 'classifier__max_depth': 10}",0.8548954667770647,0.9844857887191929,0.6745538039833828,0.16034071819889942,0.7055427251732102,0.9429012345679012,0.8071334214002642,0.8918128654970761,0.5446428571428571,0.6762749445676275,0.7986777953351432,0.7437720458553791,0.7417041829839459,0.7918931213498368,0.7582781456953642,0.7464705513453994,0.7301324503311258,0.8182457010582012,"{'classifier__n_estimators': 100, 'classifier__learning_rate': 0.1}",0.8824259987580211,0.9704701542427082,0.6654615974488141,0.15054531010634617,0.712401055408971,0.8333333333333334,0.7681365576102418,0.76,0.6107142857142858,0.6772277227722773,0.7362005277044855,0.7220238095238096,0.7226821401912595,0.734466791312097,0.7301324503311258,0.7259933891423113,0.7334437086092715,0.8286623677248677,None,0.5782355035723145,0.08483237018797431,0.7184986595174263,0.8271604938271605,0.7690100430416069,0.7575757575757576,0.625,0.684931506849315,0.7380372085465919,0.7260802469135803,0.726970774945461,0.7366138705378448,0.7334437086092715,0.730033238184253
2025-08-22 15:27:58,41.48728704452515,local,0.6763245033112583,0.7519979056437389,{'classifier__C': 1.0},0.6777064789898571,0.7477025555494294,0.5782355035723145,0.08483237018797431,0.6711051930758988,0.7777777777777778,0.7205146533238027,0.6849015317286652,0.5589285714285714,0.615535889872173,0.678003362402282,0.6683531746031746,0.6680252715979879,0.6775008467559891,0.6763245033112583,0.6718490013925836,0.7582781456953642,0.8281690917107584,"{'classifier__n_estimators': 100, 'classifier__min_samples_split': 2, 'classifier__min_samples_leaf': 1, 'classifier__max_depth': 10}",0.8548954667770647,0.9844857887191929,0.6745538039833828,0.16034071819889942,0.7055427251732102,0.9429012345679012,0.8071334214002642,0.8918128654970761,0.5446428571428571,0.6762749445676275,0.7986777953351432,0.7437720458553791,0.7417041829839459,0.7918931213498368,0.7582781456953642,0.7464705513453994,0.7301324503311258,0.8182457010582012,"{'classifier__n_estimators': 100, 'classifier__learning_rate': 0.1}",0.8824259987580211,0.9704701542427082,0.6654615974488141,0.15054531010634617,0.712401055408971,0.8333333333333334,0.7681365576102418,0.76,0.6107142857142858,0.6772277227722773,0.7362005277044855,0.7220238095238096,0.7226821401912595,0.734466791312097,0.7301324503311258,0.7259933891423113,0.7334437086092715,0.8286623677248677,None,0.5782355035723145,0.08483237018797431,0.7184986595174263,0.8271604938271605,0.7690100430416069,0.7575757575757576,0.625,0.684931506849315,0.7380372085465919,0.7260802469135803,0.726970774945461,0.7366138705378448,0.7334437086092715,0.730033238184253
2025-08-22 16:14:11,37.28863000869751,cloud,0.6763245033112583,0.7519979056437389,{'classifier__C': 1.0},0.6777064789898571,0.7477025555494294,0.5782355035723145,0.08483237018797431,0.6711051930758988,0.7777777777777778,0.7205146533238027,0.6849015317286652,0.5589285714285714,0.615535889872173,0.678003362402282,0.6683531746031746,0.6680252715979879,0.6775008467559891,0.6763245033112583,0.6718490013925836,0.7582781456953642,0.8281690917107584,"{'classifier__n_estimators': 100, 'classifier__min_samples_split': 2, 'classifier__min_samples_leaf': 1, 'classifier__max_depth': 10}",0.8548954667770647,0.9844857887191929,0.6745538039833828,0.16034071819889942,0.7055427251732102,0.9429012345679012,0.8071334214002642,0.8918128654970761,0.5446428571428571,0.6762749445676275,0.7986777953351432,0.7437720458553791,0.7417041829839459,0.7918931213498368,0.7582781456953642,0.7464705513453994,0.7301324503311258,0.8182457010582012,"{'classifier__n_estimators': 100, 'classifier__learning_rate': 0.1}",0.8824259987580211,0.9704701542427082,0.6654615974488141,0.15054531010634617,0.712401055408971,0.8333333333333334,0.7681365576102418,0.76,0.6107142857142858,0.6772277227722773,0.7362005277044855,0.7220238095238096,0.7226821401912595,0.734466791312097,0.7301324503311258,0.7259933891423113,0.7334437086092715,0.8286623677248677,None,0.5782355035723145,0.08483237018797431,0.7184986595174263,0.8271604938271605,0.7690100430416069,0.7575757575757576,0.625,0.684931506849315,0.7380372085465919,0.7260802469135803,0.726970774945461,0.7366138705378448,0.7334437086092715,0.730033238184253
2025-08-22 18:02:48,167.2490701675415,cloud,0.6763245033112583,0.7519979056437389,{'classifier__C': 1.0},0.6777064789898571,0.7477025555494294,0.5782355035723145,0.08483237018797431,0.6711051930758988,0.7777777777777778,0.7205146533238027,0.6849015317286652,0.5589285714285714,0.615535889872173,0.678003362402282,0.6683531746031746,0.6680252715979879,0.6775008467559891,0.6763245033112583,0.6718490013925836,0.7615894039735099,0.8458664021164022,"{'classifier__n_estimators': 300, 'classifier__min_samples_split': 2, 'classifier__min_samples_leaf': 1, 'classifier__max_depth': 15}",0.9979300351894018,0.9999979324033743,0.7018032376740839,0.16914636481013776,0.7127659574468085,0.9305555555555556,0.8072289156626506,0.8756906077348067,0.5660714285714286,0.6876355748373102,0.7942282825908076,0.7483134920634921,0.7474322452499804,0.7882939410240262,0.7615894039735099,0.7517882940879894,0.7359271523178808,0.8271687610229277,"{'classifier__n_estimators': 200, 'classifier__learning_rate': 0.1}",0.9656385841440696,0.9958947868997078,0.6748006400453592,0.15260258528792123,0.7307152875175316,0.8040123456790124,0.7656135194709772,0.7434343434343434,0.6571428571428571,0.6976303317535545,0.7370748154759375,0.7305776014109348,0.7316219256122658,0.7366115386047954,0.7359271523178808,0.7340981344364104,0.7400662251655629,0.8418898809523809,None,0.5782355035723145,0.08483237018797431,0.7208994708994709,0.8410493827160493,0.7763532763532763,0.7721238938053098,0.6232142857142857,0.6897233201581028,0.7465116823523903,0.7321318342151675,0.7330382982556896,0.7446458921140983,0.7400662251655629,0.7361936940111429
2025-08-22 18:08:29,145.47620391845703,cloud,0.6763245033112583,0.7519979056437389,{'classifier__C': 1.0},0.6777064789898571,0.7477025555494294,0.5782355035723145,0.08483237018797431,0.6711051930758988,0.7777777777777778,0.7205146533238027,0.6849015317286652,0.5589285714285714,0.615535889872173,0.678003362402282,0.6683531746031746,0.6680252715979879,0.6775008467559891,0.6763245033112583,0.6718490013925836,0.7615894039735099,0.8458664021164022,"{'classifier__n_estimators': 300, 'classifier__min_samples_split': 2, 'classifier__min_samples_leaf': 1, 'classifier__max_depth': 15}",0.9979300351894018,0.9999979324033743,0.7018032376740839,0.16914636481013776,0.7127659574468085,0.9305555555555556,0.8072289156626506,0.8756906077348067,0.5660714285714286,0.6876355748373102,0.7942282825908076,0.7483134920634921,0.7474322452499804,0.7882939410240262,0.7615894039735099,0.7517882940879894,0.7359271523178808,0.8271687610229277,"{'classifier__n_estimators': 200, 'classifier__learning_rate': 0.1}",0.9656385841440696,0.9958947868997078,0.6748006400453592,0.15260258528792123,0.7307152875175316,0.8040123456790124,0.7656135194709772,0.7434343434343434,0.6571428571428571,0.6976303317535545,0.7370748154759375,0.7305776014109348,0.7316219256122658,0.7366115386047954,0.7359271523178808,0.7340981344364104,0.7400662251655629,0.8418898809523809,None,0.5782355035723145,0.08483237018797431,0.7208994708994709,0.8410493827160493,0.7763532763532763,0.7721238938053098,0.6232142857142857,0.6897233201581028,0.7465116823523903,0.7321318342151675,0.7330382982556896,0.7446458921140983,0.7400662251655629,0.7361936940111429
2025-08-26 10:55:59,138.8372459411621,cloud,0.6812913907284768,0.7559771825396826,{'classifier__C': 1.0},0.6928172221072242,0.7666784404807852,0.6178438650848169,0.11553633104777676,0.6714471968709257,0.7947530864197531,0.7279151943462897,0.6984126984126984,0.55,0.6153846153846154,0.684929947641812,0.6723765432098765,0.6716499048654525,0.6839477604995621,0.6812913907284768,0.6757487007878976,0.7599337748344371,0.8380869708994709,"{'classifier__n_estimators': 300, 'classifier__min_samples_split': 2, 'classifier__min_samples_leaf': 1, 'classifier__max_depth': 15}",0.9927551231629063,0.999915228538347,0.7123581228243773,0.1638386916220323,0.7105882352941176,0.9320987654320988,0.8064085447263017,0.8770949720670391,0.5607142857142857,0.6840958605664488,0.7938416036805784,0.7464065255731922,0.7452522026463753,0.7877767887650085,0.7599337748344371,0.7497073004137871,0.7201986754966887,0.8242146164021165,"{'classifier__n_estimators': 100, 'classifier__learning_rate': 0.2}",0.9716414820948044,0.9972070215581407,0.6709345994537261,0.1457968233831862,0.7170868347338936,0.7901234567901234,0.7518355359765051,0.7246963562753036,0.6392857142857142,0.6793168880455407,0.7208915955045986,0.7147045855379188,0.715576212011023,0.7206144275014346,0.7201986754966887,0.7182176197171177,0.7392384105960265,0.8420882936507936,None,0.6178438650848169,0.11553633104777676,0.7199471598414795,0.8410493827160493,0.7758007117437721,0.7716186252771619,0.6214285714285714,0.6884272997032641,0.7457828925593206,0.7312389770723104,0.732114005723518,0.7439008193149748,0.7392384105960265,0.7352964809965167
2025-08-26 11:13:11,158.96704816818237,cloud,0.6812913907284768,0.7559771825396826,{'classifier__C': 1.0},0.6928172221072242,0.7666784404807852,0.6178438650848169,0.11553633104777676,0.6714471968709257,0.7947530864197531,0.7279151943462897,0.6984126984126984,0.55,0.6153846153846154,0.684929947641812,0.6723765432098765,0.6716499048654525,0.6839477604995621,0.6812913907284768,0.6757487007878976,0.7599337748344371,0.8380869708994709,"{'classifier__n_estimators': 300, 'classifier__min_samples_split': 2, 'classifier__min_samples_leaf': 1, 'classifier__max_depth': 15}",0.9927551231629063,0.999915228538347,0.7123581228243773,0.1638386916220323,0.7105882352941176,0.9320987654320988,0.8064085447263017,0.8770949720670391,0.5607142857142857,0.6840958605664488,0.7938416036805784,0.7464065255731922,0.7452522026463753,0.7877767887650085,0.7599337748344371,0.7497073004137871,0.7201986754966887,0.8242146164021165,"{'classifier__n_estimators': 100, 'classifier__learning_rate': 0.2}",0.9716414820948044,0.9972070215581407,0.6709345994537261,0.1457968233831862,0.7170868347338936,0.7901234567901234,0.7518355359765051,0.7246963562753036,0.6392857142857142,0.6793168880455407,0.7208915955045986,0.7147045855379188,0.715576212011023,0.7206144275014346,0.7201986754966887,0.7182176197171177,0.7392384105960265,0.8420882936507936,None,0.6178438650848169,0.11553633104777676,0.7199471598414795,0.8410493827160493,0.7758007117437721,0.7716186252771619,0.6214285714285714,0.6884272997032641,0.7457828925593206,0.7312389770723104,0.732114005723518,0.7439008193149748,0.7392384105960265,0.7352964809965167
2025-08-26 13:01:58,137.20905089378357,cloud,0.6812913907284768,0.7559799382716049,{'classifier__C': 1.0},0.6928172221072242,0.7666825756740366,0.6178460696703548,0.11553633709052216,0.6714471968709257,0.7947530864197531,0.7279151943462897,0.6984126984126984,0.55,0.6153846153846154,0.684929947641812,0.6723765432098765,0.6716499048654525,0.6839477604995621,0.6812913907284768,0.6757487007878976,0.7615894039735099,0.842595348324515,"{'classifier__n_estimators': 300, 'classifier__min_samples_split': 2, 'classifier__min_samples_leaf': 1, 'classifier__max_depth': 15}",0.9933761126060857,0.9999164346363787,0.7017088579020251,0.17213079774453666,0.7122641509433962,0.9320987654320988,0.8074866310160428,0.8777777777777778,0.5642857142857143,0.6869565217391305,0.795020964360587,0.7481922398589065,0.7472215763775867,0.7889923223235731,0.7615894039735099,0.7516117459207854,0.7201986754966887,0.8242146164021165,"{'classifier__n_estimators': 100, 'classifier__learning_rate': 0.2}",0.9716414820948044,0.9972070215581407,0.6708727756515623,0.1457324877789248,0.7170868347338936,0.7901234567901234,0.7518355359765051,0.7246963562753036,0.6392857142857142,0.6793168880455407,0.7208915955045986,0.7147045855379188,0.715576212011023,0.7206144275014346,0.7201986754966887,0.7182176197171177,0.7301324503311258,0.8409942680776012,None,0.6178460696703548,0.11553633709052216,0.71875,0.816358024691358,0.7644508670520231,0.7478813559322034,0.6303571428571428,0.6841085271317829,0.7333156779661016,0.7233575837742504,0.724279697091903,0.7322546020877764,0.7301324503311258,0.7272060737115144
2025-08-26 13:10:57,161.47355008125305,cloud,0.6812913907284768,0.755979938271605,{'classifier__C': 1.0},0.6928172221072242,0.7666779235816288,0.6178449673775859,0.11553591062275455,0.6714471968709257,0.7947530864197531,0.7279151943462897,0.6984126984126984,0.55,0.6153846153846154,0.684929947641812,0.6723765432098765,0.6716499048654525,0.6839477604995621,0.6812913907284768,0.6757487007878976,0.7665562913907285,0.8412615740740741,"{'classifier__n_estimators': 300, 'classifier__min_samples_split': 2, 'classifier__min_samples_leaf': 1, 'classifier__max_depth': 15}",0.9921341337197268,0.9998818023928985,0.7069417900825681,0.16703174646224161,0.7152941176470589,0.9382716049382716,0.8117489986648866,0.888268156424581,0.5678571428571428,0.6928104575163397,0.8017811370358199,0.7530643738977072,0.7522797280906132,0.7954807581399499,0.7665562913907285,0.7566119266092688,0.7201986754966887,0.8242146164021165,"{'classifier__n_estimators': 100, 'classifier__learning_rate': 0.2}",0.9716414820948044,0.9972070215581407,0.6709345994537261,0.1457968233831862,0.7170868347338936,0.7901234567901234,0.7518355359765051,0.7246963562753036,0.6392857142857142,0.6793168880455407,0.7208915955045986,0.7147045855379188,0.715576212011023,0.7206144275014346,0.7201986754966887,0.7182176197171177,0.7251655629139073,0.8394620811287479,None,0.6178449673775859,0.11553591062275455,0.7123655913978495,0.8179012345679012,0.7614942528735632,0.7456896551724138,0.6178571428571429,0.6757812500000001,0.7290276232851316,0.717879188712522,0.7186377514367817,0.7278138328827468,0.7251655629139073,0.7217597482301896
2025-08-26 13:17:44,339.9684901237488,coiled,0.6812913907284768,0.7559689153439154,{'classifier__C': 1.0},0.6928172221072242,0.76667775128191,0.6178433139384324,0.11553615548065846,0.6714471968709257,0.7947530864197531,0.7279151943462897,0.6984126984126984,0.55,0.6153846153846154,0.684929947641812,0.6723765432098765,0.6716499048654525,0.6839477604995621,0.6812913907284768,0.6757487007878976,0.7591059602649006,0.8396136463844797,"{'classifier__n_estimators': 300, 'classifier__min_samples_split': 2, 'classifier__min_samples_leaf': 1, 'classifier__max_depth': 15}",0.9935831090871455,0.9999152285383471,0.7042480812950288,0.17216409914672534,0.7102473498233216,0.9305555555555556,0.8056112224448898,0.8746518105849582,0.5607142857142857,0.6833514689880306,0.7924495802041399,0.7456349206349207,0.7444813457164602,0.7864613382558684,0.7591059602649006,0.748934515544359,0.7201986754966887,0.8242146164021165,"{'classifier__n_estimators': 100, 'classifier__learning_rate': 0.2}",0.9716414820948044,0.9972070215581407,0.6709345994537261,0.1457968233831862,0.7170868347338936,0.7901234567901234,0.7518355359765051,0.7246963562753036,0.6392857142857142,0.6793168880455407,0.7208915955045986,0.7147045855379188,0.715576212011023,0.7206144275014346,0.7201986754966887,0.7182176197171177,0.734271523178808,0.8414434523809525,None,0.6178433139384324,0.11553615548065846,0.7212449255751014,0.8225308641975309,0.7685652487382841,0.7547974413646056,0.6321428571428571,0.6880466472303206,0.7380211834698536,0.727336860670194,0.7283059479843024,0.7367990719675869,0.734271523178808,0.7312387447279699
2025-08-26 13:37:58,834.4416949748993,coiled,0.6812913907284768,0.755979938271605,{'classifier__C': 1.0},0.6928172221072242,0.7666780958813475,0.6178444162312015,0.11553650662514484,0.6714471968709257,0.7947530864197531,0.7279151943462897,0.6984126984126984,0.55,0.6153846153846154,0.684929947641812,0.6723765432098765,0.6716499048654525,0.6839477604995621,0.6812913907284768,0.6757487007878976,0.7541390728476821,0.8438988095238096,"{'classifier__n_estimators': 700, 'classifier__min_samples_split': 2, 'classifier__min_samples_leaf': 1, 'classifier__max_depth': 20}",1.0,1.0,0.712229076626214,0.16914987437310436,0.7117008443908324,0.9104938271604939,0.7989167230873392,0.8469656992084432,0.5732142857142857,0.6837060702875399,0.7793332717996377,0.7418540564373898,0.7413113966874396,0.7744064062268109,0.7541390728476821,0.7455078111933925,0.7309602649006622,0.8233134920634921,"{'classifier__n_estimators': 300, 'classifier__learning_rate': 0.1}",0.9888221900227696,0.999534273860065,0.6754621145212336,0.14824478935650495,0.7252440725244073,0.8024691358024691,0.761904761904762,0.7393075356415478,0.6482142857142857,0.6907706945765938,0.7322758040829775,0.7253417107583775,0.7263377282406779,0.7317635587376512,0.7309602649006622,0.7289287042029622,0.7317880794701986,0.8427799823633157,None,0.6178444162312015,0.11553650662514484,0.7183288409703504,0.8225308641975309,0.7669064748201438,0.7532188841201717,0.6267857142857143,0.6842105263157895,0.735773862545261,0.7246582892416226,0.7255585005679667,0.7345030331590093,0.7317880794701986,0.7285706046525624
2025-08-26 18:35:53,783.0217020511627,coiled,0.6812913907284768,0.7559689153439154,{'classifier__C': 1.0},0.6928172221072242,0.76667775128191,0.6178460696703548,0.11553647630392001,0.6714471968709257,0.7947530864197531,0.7279151943462897,0.6984126984126984,0.55,0.6153846153846154,0.684929947641812,0.6723765432098765,0.6716499048654525,0.6839477604995621,0.6812913907284768,0.6757487007878976,0.75,0.8432016093474427,"{'classifier__n_estimators': 300, 'classifier__min_samples_split': 2, 'classifier__min_samples_leaf': 1, 'classifier__max_depth': None}",1.0,1.0,0.7112571751251877,0.17087921374901763,0.7130541871921182,0.8935185185185185,0.7931506849315068,0.8257575757575758,0.5839285714285715,0.6841004184100419,0.769405881474847,0.738723544973545,0.7386255516707743,0.7653007911628601,0.75,0.7425975812460596,0.7201986754966887,0.8242146164021165,"{'classifier__n_estimators': 100, 'classifier__learning_rate': 0.2}",0.9716414820948044,0.9972070215581407,0.6709345994537261,0.1457968233831862,0.7170868347338936,0.7901234567901234,0.7518355359765051,0.7246963562753036,0.6392857142857142,0.6793168880455407,0.7208915955045986,0.7147045855379188,0.715576212011023,0.7206144275014346,0.7201986754966887,0.7182176197171177,0.7375827814569537,0.8431768077601411,None,0.6178460696703548,0.11553647630392001,0.7245590230664858,0.8240740740740741,0.7711191335740073,0.7579617834394905,0.6375,0.6925315227934045,0.7412604032529881,0.7307870370370371,0.7318253281837059,0.7400437464182099,0.7375827814569537,0.7346877908280325
2025-08-26 19:20:45,804.9987950325012,coiled,0.6812913907284768,0.755979938271605,{'classifier__C': 1.0},0.6928172221072242,0.7666798188785355,0.617855439158891,0.11553932289730769,0.6714471968709257,0.7947530864197531,0.7279151943462897,0.6984126984126984,0.55,0.6153846153846154,0.684929947641812,0.6723765432098765,0.6716499048654525,0.6839477604995621,0.6812913907284768,0.6757487007878976,0.7582781456953642,0.8444609788359788,"{'classifier__n_estimators': 700, 'classifier__min_samples_split': 2, 'classifier__min_samples_leaf': 1, 'classifier__max_depth': 20}",1.0,1.0,0.7078330176380472,0.1731786729244843,0.7144578313253012,0.9151234567901234,0.8024357239512855,0.8544973544973545,0.5767857142857142,0.6886993603411514,0.7844775929113279,0.7459545855379188,0.7455675421462185,0.7793768155772465,0.7582781456953642,0.7497102573770511,0.7309602649006622,0.8233134920634921,"{'classifier__n_estimators': 300, 'classifier__learning_rate': 0.1}",0.9888221900227696,0.999534273860065,0.6754621145212336,0.14824478935650495,0.7252440725244073,0.8024691358024691,0.761904761904762,0.7393075356415478,0.6482142857142857,0.6907706945765938,0.7322758040829775,0.7253417107583775,0.7263377282406779,0.7317635587376512,0.7309602649006622,0.7289287042029622,0.7317880794701986,0.8418016975308642,None,0.617855439158891,0.11553932289730769,0.720708446866485,0.816358024691358,0.7655571635311144,0.7489451476793249,0.6339285714285714,0.6866537717601546,0.734826797272905,0.7251432980599647,0.7261054676456344,0.7337983081704506,0.7317880794701986,0.7289794322465635
2025-08-26 20:44:16,670.8438699245453,coiled,0.6812913907284768,0.755979938271605,{'classifier__C': 1.0},0.6928172221072242,0.7666799911782545,0.6178433139384324,0.1155361554806585,0.6714471968709257,0.7947530864197531,0.7279151943462897,0.6984126984126984,0.55,0.6153846153846154,0.684929947641812,0.6723765432098765,0.6716499048654525,0.6839477604995621,0.6812913907284768,0.6757487007878976,0.7599337748344371,0.8464754188712522,"{'classifier__n_estimators': 300, 'classifier__min_samples_split': 5, 'classifier__min_samples_leaf': 1, 'classifier__max_depth': 25}",0.9948250879735044,0.9996448902795391,0.7088434785156836,0.16610662233996193,0.7193627450980392,0.9058641975308642,0.8019125683060109,0.8443877551020408,0.5910714285714286,0.6953781512605042,0.78187525010004,0.7484678130511464,0.7486453597832575,0.7773213590071789,0.7599337748344371,0.7525257524571004,0.7309602649006622,0.8233079805996473,"{'classifier__n_estimators': 300, 'classifier__learning_rate': 0.1}",0.9888221900227696,0.999534273860065,0.6754488665636271,0.14823071571514937,0.7252440725244073,0.8024691358024691,0.761904761904762,0.7393075356415478,0.6482142857142857,0.6907706945765938,0.7322758040829775,0.7253417107583775,0.7263377282406779,0.7317635587376512,0.7309602649006622,0.7289287042029622,0.7375827814569537,0.839933311287478,None,0.6178433139384324,0.1155361554806585,0.7276478679504814,0.816358024691358,0.7694545454545454,0.7525987525987526,0.6464285714285715,0.6954851104707013,0.740123310274617,0.7313932980599647,0.7324698279626234,0.739214503217892,0.7375827814569537,0.7351640789057434
2025-08-27 08:24:28,623.5933470726013,cloud,0.6812913907284768,0.755979938271605,{'classifier__C': 1.0},0.6928172221072242,0.7666799911782545,0.6178510299878152,0.11553868912455094,0.6714471968709257,0.7947530864197531,0.7279151943462897,0.6984126984126984,0.55,0.6153846153846154,0.684929947641812,0.6723765432098765,0.6716499048654525,0.6839477604995621,0.6812913907284768,0.6757487007878976,0.7475165562913907,0.8394345238095238,"{'classifier__n_estimators': 500, 'classifier__min_samples_split': 2, 'classifier__min_samples_leaf': 1, 'classifier__max_depth': 20}",1.0,1.0,0.7121542612730305,0.16783985450664707,0.706875753920386,0.904320987654321,0.7935003385240353,0.8364116094986808,0.5660714285714286,0.6751863684771032,0.7716436817095333,0.7351962081128748,0.7343433535005692,0.76692548829443,0.7475165562913907,0.7386528027406893,0.7309602649006622,0.8233079805996473,"{'classifier__n_estimators': 300, 'classifier__learning_rate': 0.1}",0.9888221900227696,0.999534273860065,0.6754488665636271,0.14823071571514937,0.7252440725244073,0.8024691358024691,0.761904761904762,0.7393075356415478,0.6482142857142857,0.6907706945765938,0.7322758040829775,0.7253417107583775,0.7263377282406779,0.7317635587376512,0.7309602649006622,0.7289287042029622,0.7326158940397351,0.8409281305114638,None,0.6178510299878152,0.11553868912455094,0.7187079407806191,0.8240740740740741,0.7677929547088426,0.7548387096774194,0.6267857142857143,0.6848780487804877,0.7367733252290192,0.7254298941798942,0.7263355017446651,0.7354573038453609,0.7326158940397351,0.7293555810996715
